source_id,source_path,sha256,disposition,adopted_contribution,explicit_boundary
GATE1_SCOPE,../../../../00 EXECUTIVE/NEXAH-Mission-Control/REVIEWS/MC_NEXAH_COMPARE_V01_GATE1_SCOPE_FREEZE_2026-09-27/USER_TASK_BASELINE_OUTCOME_STOP.json,1c299d2ec1373cf878d4c9f561f00e53ba8cc9767930f8001e8a5159409598b3,REUSE_AS_SCOPE_AUTHORITY,user task input baseline outcomes STOP and claim ceiling,no runtime or utility authority
OLS_1_0_RELEASE,../../ORIENTATION_LANGUAGE/SPECIFICATION/RELEASES/OLS-RELEASE-1.0.0/RELEASE_MANIFEST.md,90cc8d6579eb3e4ff3d2d48747886d0fe952810699208790e2622a77a0a83c0f,REUSE_AS_SEMANTIC_AUTHORITY,source provenance uncertainty transition result composition conformance boundaries,no application policy or implementation certification
THE_EYE_GATE1_CANONICALIZATION,../../../../00 EXECUTIVE/NEXAH-Mission-Control/REVIEWS/NEXAH_THE_EYE_G01_G02_SCHEMA_FIXTURE_MVP_2026-09-03/02_CANONICALIZATION_POLICY.md,3ce14213f653784aaff61eda63b2877a877ec255e94d8a2f50d462bbfe45eaf8,ADOPT_POLICY_WITH_EXPLICIT_PROFILE_ID,duplicate-key rejection finite JSON sorted keys UTF-8 compact serialization terminal LF SHA-256,no RFC 8785 or cross-platform equivalence claim
THE_EYE_A1_ILAU,../../../../00 EXECUTIVE/NEXAH-Mission-Control/REVIEWS/NEXAH_THE_EYE_A1_LOCAL_ORDERED_RELATION_SCHEMA_AMENDMENT_2026-09-03/05_ILAU_AND_RESIDUAL_SPECIFICATION.md,9cc18ab59ac1134544eccb74be7ddd87f7344325f7c702cdd9960f316fbb50f7,ADOPT_MECHANICS_WITH_NEW_ADVISORY_PROFILE,exclusive I L A U and typed residual distinctions,A1 two-record semantics are not modified and multirecord advisory rules are separately declared
THE_EYE_A2_RUNTIME,../../../../00 EXECUTIVE/NEXAH-Mission-Control/REVIEWS/NEXAH_THE_EYE_A2_RESTART_BOUNDED_RUST_COMPARATOR_IMPLEMENTATION_2026-09-03/src/lib.rs,23891807f601c2812c3f90b34281315e5018a7a85a5cf47fee3df199b3770c63,PIN_AS_IMPLEMENTATION_REFERENCE,deterministic validation comparison result and receipt patterns,no source copy dependency or claim that A2 already supports Advisory Records
THE_EYE_A4_ADAPTER,../../../../00 EXECUTIVE/NEXAH-Mission-Control/REVIEWS/NEXAH_THE_EYE_A4_LOCAL_KERNEL_TO_EYE_RECORD_ADAPTER_2026-09-03/03_KERNEL_TO_EYE_ADAPTER_SPECIFICATION.md,9091514857060fafad8e3a26559b840808adaa700958367b32097cddafc57729,PIN_AS_ADAPTER_PATTERN,lossless explicit provenance-preserving translation pattern,Kernel graph mapping is not reused as Advisory mapping
ORIENTATION_EVIDENCE,../../nexah/orientation/evidence.py,69e82b51b9c92aefd8b954483dce0e26dccfa15d7a5d7aa5ab17d07543fbaad6,HARVEST_MINIMUM_FIELD_PATTERNS,evidence provenance uncertainty and limitations,does not confer OLS conformance
ORIENTATION_PRIMITIVES,../../nexah/orientation/primitives.py,9a663e58d9ce4f2943989152083b2ebf42ff6633b471114845d65838006f79f3,HARVEST_MINIMUM_FIELD_PATTERNS,typed state and relation vocabulary where applicable,Kernel numeric semantics are excluded
NRRC_P4A,../../../../30 SCIENCE LAB/NEXAH-Science-Lab/NRRC_P4A_CONTRACT_BOOTSTRAP_AND_REFERENCE_VALIDATION_2026-09-05/schemas/nexah.relation-record-0.1-candidate.schema.json,b2afc4444532fb2de99daca72458b4a64a4d11bd49d797908b291d0182f6ac8f,SELECT_MINIMUM_SUBSET,trace residual evidence and Return field patterns,nonproduction candidate not adopted wholesale
CRIC_0_1_1,../../../../30 SCIENCE LAB/NEXAH-Science-Lab/00_INCOMING/NEXAH_D_GATE_05_1_CRIC01_STRICT_ARRAY_CORRECTION_AND_ADOPTION_2026-09-05/12_CRIC01_SCHEMA_ADOPTED_0.1.1.json,6135947eb64c58b74b67d0c9368b310181ccc22ea435972c542e9402161a41e6,PIN_AS_RUN_RECEIPT_PATTERN,deterministic run replay and failure receipt shape,profile-bound Science Lab contract not a shared product contract
